country,year,pop,continent,lifeExp,gdpPercap
Afghanistan,1952,8425333,Asia,28.801,779.4453145
Albania,1952,1282697,Europe,55.23,1601.056136
Algeria,1952,9279525,Africa,43.077,2449.008185
Angola,1952,4232095,Africa,30.015,3520.610273
Argentina,1952,17876956,Americas,62.485,5911.315053
Australia,1952,8691212,Oceania,69.12,10039.59564
